contrast,roi,comparison,cohens_d,d_ci_lower,d_ci_upper,interpretation
words_vs_baseline,L_STG_posterior,HC_vs_AVH-,0.18153807333351213,-0.3793506334066464,0.7703054514936526,negligible
words_vs_baseline,L_STG_posterior,HC_vs_AVH+,0.4015935181608399,-0.18120375017587204,0.9827244876325494,small
words_vs_baseline,L_STG_posterior,AVH-_vs_AVH+,0.2260076772455729,-0.37155486931609105,0.8082038390158158,small
words_vs_baseline,L_STG_anterior,HC_vs_AVH-,-0.2820625867849226,-0.8169541846551021,0.31471542616441767,small
words_vs_baseline,L_STG_anterior,HC_vs_AVH+,-0.49278292541779556,-0.9955701777219804,0.03455652930488476,small
words_vs_baseline,L_STG_anterior,AVH-_vs_AVH+,-0.1528479381975098,-0.8139733719071622,0.4117014334288819,negligible
words_vs_baseline,L_MTG,HC_vs_AVH-,0.030890166673746135,-0.5444961864273422,0.6158137292151699,negligible
words_vs_baseline,L_MTG,HC_vs_AVH+,0.3081763901912983,-0.27107900610307256,0.9332105129330565,small
words_vs_baseline,L_MTG,AVH-_vs_AVH+,0.2464949733077076,-0.27622337803359526,0.835893853969623,small
words_vs_baseline,L_IFG_triangularis,HC_vs_AVH-,0.17412825248601924,-0.3559818702935121,0.8278001828943297,negligible
words_vs_baseline,L_IFG_triangularis,HC_vs_AVH+,0.22108620873685841,-0.33180968302735075,0.7405121299102794,small
words_vs_baseline,L_IFG_triangularis,AVH-_vs_AVH+,-0.01278181713037057,-0.6844786199141466,0.5450058794146206,negligible
words_vs_baseline,L_IFG_opercularis,HC_vs_AVH-,-0.3483034023906839,-0.8412883039429303,0.19612136867843738,small
words_vs_baseline,L_IFG_opercularis,HC_vs_AVH+,0.11037637632064183,-0.4398066932336494,0.6960927584843823,negligible
words_vs_baseline,L_IFG_opercularis,AVH-_vs_AVH+,0.436252688156756,-0.10215443813781162,0.9607435886300251,small
words_vs_baseline,L_STS,HC_vs_AVH-,0.2593213477523655,-0.3022165038233172,0.9332612640862834,small
words_vs_baseline,L_STS,HC_vs_AVH+,0.4263288017048466,-0.15620199249346622,1.0601589440101635,small
words_vs_baseline,L_STS,AVH-_vs_AVH+,0.11524886389903646,-0.49216533232201076,0.7338583158486941,negligible
words_vs_baseline,R_STG_posterior,HC_vs_AVH-,0.002336641288377656,-0.5284719033120291,0.609895365747685,negligible
words_vs_baseline,R_STG_posterior,HC_vs_AVH+,0.04925976129289748,-0.4926879746606186,0.7020953721609537,negligible
words_vs_baseline,R_STG_posterior,AVH-_vs_AVH+,0.044526378837473506,-0.5785431059355884,0.6104450257620988,negligible
words_vs_baseline,R_STG_anterior,HC_vs_AVH-,0.10457240101091211,-0.4130397958133485,0.8413543576222025,negligible
words_vs_baseline,R_STG_anterior,HC_vs_AVH+,-0.21259241339778343,-0.7930101678627604,0.3887854824881824,small
words_vs_baseline,R_STG_anterior,AVH-_vs_AVH+,-0.24948044107439432,-0.892815377000753,0.32463635225510257,small
words_vs_baseline,R_MTG,HC_vs_AVH-,-0.09967685480126849,-0.5964397213981987,0.5550870802161536,negligible
words_vs_baseline,R_MTG,HC_vs_AVH+,0.2521072325871289,-0.3050259505118826,0.9243773260626784,small
words_vs_baseline,R_MTG,AVH-_vs_AVH+,0.30989314924147954,-0.28197145785467187,0.8844704071727316,small
words_vs_baseline,R_IFG,HC_vs_AVH-,0.19287604471368622,-0.32975261003400386,0.9301961333812993,negligible
words_vs_baseline,R_IFG,HC_vs_AVH+,0.18393716933027596,-0.39067881552083444,0.7864920649641894,negligible
words_vs_baseline,R_IFG,AVH-_vs_AVH+,-0.04860048453698084,-0.7450873734885243,0.47890949376656916,negligible
words_vs_baseline,L_Heschl,HC_vs_AVH-,-0.14171564404257936,-0.58329560637464,0.5296791200780041,negligible
words_vs_baseline,L_Heschl,HC_vs_AVH+,-0.15426915471899244,-0.6226825769811285,0.4814336332060687,negligible
words_vs_baseline,L_Heschl,AVH-_vs_AVH+,-0.001673835318100086,-0.6718527847650724,0.5306406133357278,negligible
words_vs_baseline,R_Heschl,HC_vs_AVH-,0.11739607400578955,-0.3981375811083164,0.7955890811811966,negligible
words_vs_baseline,R_Heschl,HC_vs_AVH+,0.3926545337929346,-0.12971626836265168,1.0584786697308826,small
words_vs_baseline,R_Heschl,AVH-_vs_AVH+,0.21639186183051423,-0.3743530516637216,0.7548758586183099,small
sentences_vs_baseline,L_STG_posterior,HC_vs_AVH-,0.3467737482238573,-0.2469286803915011,0.8367669147941622,small
sentences_vs_baseline,L_STG_posterior,HC_vs_AVH+,0.3067578869335177,-0.2633261720252342,0.8708510414999854,small
sentences_vs_baseline,L_STG_posterior,AVH-_vs_AVH+,-0.022283732836911905,-0.605033605351836,0.5853892218326482,negligible
sentences_vs_baseline,L_STG_anterior,HC_vs_AVH-,-0.05332843670673195,-0.6445172696693111,0.542651249622231,negligible
sentences_vs_baseline,L_STG_anterior,HC_vs_AVH+,-0.20320055804725592,-0.8255344916151576,0.3747409305374727,small
sentences_vs_baseline,L_STG_anterior,AVH-_vs_AVH+,-0.1456208140361354,-0.7147990724323557,0.44731599046681125,negligible
sentences_vs_baseline,L_MTG,HC_vs_AVH-,0.17582941012111916,-0.41639390108162105,0.7758076932157769,negligible
sentences_vs_baseline,L_MTG,HC_vs_AVH+,0.02978978403623859,-0.5819548706478216,0.6352386228800703,negligible
sentences_vs_baseline,L_MTG,AVH-_vs_AVH+,-0.1221567682821504,-0.7600636265537252,0.48442737887093984,negligible
sentences_vs_baseline,L_IFG_triangularis,HC_vs_AVH-,0.24469564235416832,-0.34882759869640523,0.80408137203047,small
sentences_vs_baseline,L_IFG_triangularis,HC_vs_AVH+,0.22536650288122503,-0.4444981809037875,0.7829268515928459,small
sentences_vs_baseline,L_IFG_triangularis,AVH-_vs_AVH+,-0.08386798029693807,-0.6945180452497333,0.4907762173779283,negligible
sentences_vs_baseline,L_IFG_opercularis,HC_vs_AVH-,-0.14393844751179802,-0.7795671027278311,0.43621118347010746,negligible
sentences_vs_baseline,L_IFG_opercularis,HC_vs_AVH+,0.2514932512415431,-0.35153353276452265,0.9028331606475183,small
sentences_vs_baseline,L_IFG_opercularis,AVH-_vs_AVH+,0.3095378947004301,-0.2958565089499787,1.0264801038604578,small
sentences_vs_baseline,L_STS,HC_vs_AVH-,0.5390243098364981,-0.08202591070587051,1.1460336969873333,medium
sentences_vs_baseline,L_STS,HC_vs_AVH+,0.30151849491197946,-0.27724077737857195,0.9613380475829172,small
sentences_vs_baseline,L_STS,AVH-_vs_AVH+,-0.19090106779148203,-0.7699723981194152,0.3815248093483988,negligible
sentences_vs_baseline,R_STG_posterior,HC_vs_AVH-,0.04931579933939163,-0.4860467035007006,0.7079035625601102,negligible
sentences_vs_baseline,R_STG_posterior,HC_vs_AVH+,0.08830555305492736,-0.46913990606547773,0.7471473140975731,negligible
sentences_vs_baseline,R_STG_posterior,AVH-_vs_AVH+,0.04977201990918037,-0.4970418487071556,0.6829122214768226,negligible
sentences_vs_baseline,R_STG_anterior,HC_vs_AVH-,0.6671679737578081,0.10281334403344829,1.2602869612687024,medium
sentences_vs_baseline,R_STG_anterior,HC_vs_AVH+,0.04235741555748508,-0.549442117652101,0.5933850721946446,negligible
sentences_vs_baseline,R_STG_anterior,AVH-_vs_AVH+,-0.5830713894986724,-1.164441772305556,-0.044742815972123276,medium
sentences_vs_baseline,R_MTG,HC_vs_AVH-,-0.1389977486751409,-0.7076482001627898,0.48181542365174024,negligible
sentences_vs_baseline,R_MTG,HC_vs_AVH+,0.13654035998312775,-0.42098744336399513,0.7165476938738583,negligible
sentences_vs_baseline,R_MTG,AVH-_vs_AVH+,0.2592466488447423,-0.29531421548678555,0.8484379656702882,small
sentences_vs_baseline,R_IFG,HC_vs_AVH-,0.15672764966210154,-0.49427441901521313,0.685923565067615,negligible
sentences_vs_baseline,R_IFG,HC_vs_AVH+,0.13265609778146614,-0.5001717588470342,0.6788387843429105,negligible
sentences_vs_baseline,R_IFG,AVH-_vs_AVH+,-0.03171380655433901,-0.6057354567888864,0.5637671988377948,negligible
sentences_vs_baseline,L_Heschl,HC_vs_AVH-,-0.1186565347606015,-0.6328550722825549,0.4387175129010685,negligible
sentences_vs_baseline,L_Heschl,HC_vs_AVH+,0.08396220668574161,-0.48224677547335737,0.8360740464729289,negligible
sentences_vs_baseline,L_Heschl,AVH-_vs_AVH+,0.19603729134719816,-0.4054758203976255,0.8372263877153048,negligible
sentences_vs_baseline,R_Heschl,HC_vs_AVH-,-0.07193363551301404,-0.6339065956165656,0.4691278329594104,negligible
sentences_vs_baseline,R_Heschl,HC_vs_AVH+,0.3285131570002629,-0.2533948473846144,0.8812603365925861,small
sentences_vs_baseline,R_Heschl,AVH-_vs_AVH+,0.36817573300290657,-0.21270416535240616,0.9462374950583498,small
reversed_vs_baseline,L_STG_posterior,HC_vs_AVH-,0.37987943866478635,-0.19435460655333112,0.9379468021184866,small
reversed_vs_baseline,L_STG_posterior,HC_vs_AVH+,0.24602449542186824,-0.2709306736582805,0.839096439133489,small
reversed_vs_baseline,L_STG_posterior,AVH-_vs_AVH+,-0.16753726385790316,-0.8067647250434268,0.37586298296426573,negligible
reversed_vs_baseline,L_STG_anterior,HC_vs_AVH-,0.034017581616252776,-0.5506115581081038,0.5904204499119483,negligible
reversed_vs_baseline,L_STG_anterior,HC_vs_AVH+,-0.13143519774001877,-0.7529473911400028,0.4364208397379107,negligible
reversed_vs_baseline,L_STG_anterior,AVH-_vs_AVH+,-0.19365795033210098,-0.7756759867069234,0.39803738191028026,negligible
reversed_vs_baseline,L_MTG,HC_vs_AVH-,0.03634166928231303,-0.5448221456380555,0.687283309318446,negligible
reversed_vs_baseline,L_MTG,HC_vs_AVH+,0.21049515274929428,-0.3594301232433578,0.7840909576303104,small
reversed_vs_baseline,L_MTG,AVH-_vs_AVH+,0.168255331485795,-0.4457544713433818,0.7099095790496674,negligible
reversed_vs_baseline,L_IFG_triangularis,HC_vs_AVH-,0.36903999871154186,-0.18497030905567655,0.9500286063341952,small
reversed_vs_baseline,L_IFG_triangularis,HC_vs_AVH+,0.1566161479098249,-0.4007319387380407,0.7417921011695703,negligible
reversed_vs_baseline,L_IFG_triangularis,AVH-_vs_AVH+,-0.2748293329910936,-0.8161072279373639,0.2871519924973987,small
reversed_vs_baseline,L_IFG_opercularis,HC_vs_AVH-,0.02693026332243478,-0.5513840293892338,0.6125818901380926,negligible
reversed_vs_baseline,L_IFG_opercularis,HC_vs_AVH+,0.12264284361680312,-0.4679912949205594,0.7546336019345464,negligible
reversed_vs_baseline,L_IFG_opercularis,AVH-_vs_AVH+,0.0917342412916157,-0.5128067525291823,0.6886343894603436,negligible
reversed_vs_baseline,L_STS,HC_vs_AVH-,0.19050809599732813,-0.3848353031324765,0.7931863226793745,negligible
reversed_vs_baseline,L_STS,HC_vs_AVH+,0.2675744310782582,-0.23926352658688982,0.8611376974984923,small
reversed_vs_baseline,L_STS,AVH-_vs_AVH+,0.06347831105726286,-0.5222458467392265,0.6559155966375874,negligible
reversed_vs_baseline,R_STG_posterior,HC_vs_AVH-,0.39113062721388875,-0.14984238431013452,1.037832131829325,small
reversed_vs_baseline,R_STG_posterior,HC_vs_AVH+,0.19483538104352968,-0.3195903249814481,0.9365707911147115,negligible
reversed_vs_baseline,R_STG_posterior,AVH-_vs_AVH+,-0.13755249162587713,-0.6808949016681836,0.4746407755224303,negligible
reversed_vs_baseline,R_STG_anterior,HC_vs_AVH-,0.5738241473875701,0.03670099234692677,1.1759225853971238,medium
reversed_vs_baseline,R_STG_anterior,HC_vs_AVH+,-0.05166082007238694,-0.6055762124619831,0.5380017654060376,negligible
reversed_vs_baseline,R_STG_anterior,AVH-_vs_AVH+,-0.7300729870148299,-1.3485482587270696,-0.2314688070350445,medium
reversed_vs_baseline,R_MTG,HC_vs_AVH-,0.09109811029087445,-0.4332393872346031,0.7081560708890566,negligible
reversed_vs_baseline,R_MTG,HC_vs_AVH+,0.23849621702953674,-0.27599365704465095,0.887149202980447,small
reversed_vs_baseline,R_MTG,AVH-_vs_AVH+,0.10216496705765239,-0.5102740904623445,0.7191998663282225,negligible
reversed_vs_baseline,R_IFG,HC_vs_AVH-,0.2626615275513203,-0.2806789833639903,0.9026339136957025,small
reversed_vs_baseline,R_IFG,HC_vs_AVH+,-0.028472310570575247,-0.629217731412076,0.539870246973326,negligible
reversed_vs_baseline,R_IFG,AVH-_vs_AVH+,-0.2749088778585368,-0.9167741577755536,0.28982103109023877,small
reversed_vs_baseline,L_Heschl,HC_vs_AVH-,0.262307133974551,-0.34043539785279914,0.7873650492495269,small
reversed_vs_baseline,L_Heschl,HC_vs_AVH+,0.05556528343996784,-0.5108790375209826,0.6084950546390286,negligible
reversed_vs_baseline,L_Heschl,AVH-_vs_AVH+,-0.27478153976031316,-0.8691059366902657,0.27710225333491717,small
reversed_vs_baseline,R_Heschl,HC_vs_AVH-,0.4064770421493175,-0.17165744626856622,1.0325131219393635,small
reversed_vs_baseline,R_Heschl,HC_vs_AVH+,0.2401182959897735,-0.2961976563305111,0.8187943375173901,small
reversed_vs_baseline,R_Heschl,AVH-_vs_AVH+,-0.17043037596673916,-0.8428336750840172,0.3840619683919583,negligible
words_vs_reversed,L_STG_posterior,HC_vs_AVH-,-0.23342188781248935,-0.7517071804191181,0.3555546410490823,small
words_vs_reversed,L_STG_posterior,HC_vs_AVH+,-0.10046001699351823,-0.6142462014907775,0.5201321882363046,negligible
words_vs_reversed,L_STG_posterior,AVH-_vs_AVH+,0.19654001693024906,-0.40139253736522984,0.8201163442539218,negligible
words_vs_reversed,L_STG_anterior,HC_vs_AVH-,-0.37078132921560664,-0.9638488329342911,0.18628557893430978,small
words_vs_reversed,L_STG_anterior,HC_vs_AVH+,-0.5613741755893977,-1.1534042111485496,0.0368327207563911,medium
words_vs_reversed,L_STG_anterior,AVH-_vs_AVH+,-0.28979934141207114,-0.9065457244344264,0.22592364171067403,small
words_vs_reversed,L_MTG,HC_vs_AVH-,0.05231314838281377,-0.5256284498170452,0.5994660128340714,negligible
words_vs_reversed,L_MTG,HC_vs_AVH+,-0.182405527397587,-0.7526225209220117,0.36116744991795496,negligible
words_vs_reversed,L_MTG,AVH-_vs_AVH+,-0.2538125811094526,-0.7945621776285575,0.3704324411103792,small
words_vs_reversed,L_IFG_triangularis,HC_vs_AVH-,0.12146539566540585,-0.49600416645425666,0.655904810121334,negligible
words_vs_reversed,L_IFG_triangularis,HC_vs_AVH+,-0.17250142456275033,-0.764976310545944,0.4258726523781215,negligible
words_vs_reversed,L_IFG_triangularis,AVH-_vs_AVH+,-0.26837731107242196,-0.8277563327425115,0.2954020422411653,small
words_vs_reversed,L_IFG_opercularis,HC_vs_AVH-,-0.3020522833742369,-0.8707711483859464,0.2733277381698438,small
words_vs_reversed,L_IFG_opercularis,HC_vs_AVH+,0.012004223098150446,-0.5448458378355456,0.6660215942811348,negligible
words_vs_reversed,L_IFG_opercularis,AVH-_vs_AVH+,0.2874199680643797,-0.2803912607569014,0.9633395570015171,small
words_vs_reversed,L_STS,HC_vs_AVH-,0.11878132995680254,-0.4338640546874302,0.732490156040508,negligible
words_vs_reversed,L_STS,HC_vs_AVH+,-0.09460972895668479,-0.6533666979132946,0.5196900909540844,negligible
words_vs_reversed,L_STS,AVH-_vs_AVH+,-0.2391764768221122,-0.7853182689848515,0.3796248113724878,small
words_vs_reversed,R_STG_posterior,HC_vs_AVH-,-0.4117664843340974,-1.0603323302689747,0.14250622682115488,small
words_vs_reversed,R_STG_posterior,HC_vs_AVH+,-0.3649672232118697,-1.0959050735523255,0.20007279294272545,small
words_vs_reversed,R_STG_posterior,AVH-_vs_AVH+,-0.05684074186818947,-0.683269340981947,0.5037265931686692,negligible
words_vs_reversed,R_STG_anterior,HC_vs_AVH-,-0.5716500498029835,-1.1378181247445867,-0.060377528448186266,medium
words_vs_reversed,R_STG_anterior,HC_vs_AVH+,-0.3904552542780409,-0.9064721602974998,0.17860126418241024,small
words_vs_reversed,R_STG_anterior,AVH-_vs_AVH+,0.20704152856716748,-0.40192785846509094,0.8132889035692086,small
words_vs_reversed,R_MTG,HC_vs_AVH-,-0.1180892642918107,-0.6893910774771668,0.41597425099243124,negligible
words_vs_reversed,R_MTG,HC_vs_AVH+,-0.19402131863174238,-0.7515800546186209,0.39340459181036286,negligible
words_vs_reversed,R_MTG,AVH-_vs_AVH+,-0.1075185046128126,-0.6515911406071613,0.508295709978296,negligible
words_vs_reversed,R_IFG,HC_vs_AVH-,0.1635386439250085,-0.40627208531349646,0.7881019063446943,negligible
words_vs_reversed,R_IFG,HC_vs_AVH+,0.09875625971246745,-0.4642211019879263,0.7574546174326487,negligible
words_vs_reversed,R_IFG,AVH-_vs_AVH+,-0.07213325735012781,-0.6085664646215823,0.5118179214093418,negligible
words_vs_reversed,L_Heschl,HC_vs_AVH-,-0.43522802683971445,-0.9362339931516781,0.1866128562128616,small
words_vs_reversed,L_Heschl,HC_vs_AVH+,-0.5050127641033799,-1.0030237061734877,-0.01052965210352521,medium
words_vs_reversed,L_Heschl,AVH-_vs_AVH+,-0.10047905328930826,-0.6371005792286152,0.5240308612716466,negligible
words_vs_reversed,R_Heschl,HC_vs_AVH-,-0.33561094493736865,-0.8730862372366401,0.1836594476820013,small
words_vs_reversed,R_Heschl,HC_vs_AVH+,-0.24874182475735537,-0.7762522162854109,0.3163745277986273,small
words_vs_reversed,R_Heschl,AVH-_vs_AVH+,0.05134640974866655,-0.5796865004334372,0.6190400428495226,negligible
sentences_vs_reversed,L_STG_posterior,HC_vs_AVH-,0.067017144090848,-0.47852508876661304,0.6553524496477925,negligible
sentences_vs_reversed,L_STG_posterior,HC_vs_AVH+,-0.2635884292597379,-0.825073299394579,0.28216110896453683,small
sentences_vs_reversed,L_STG_posterior,AVH-_vs_AVH+,-0.49564075038829714,-1.087733542194661,0.03676342078473097,small
sentences_vs_reversed,L_STG_anterior,HC_vs_AVH-,0.3697346470438594,-0.1859342520102462,0.9161588333737695,small
sentences_vs_reversed,L_STG_anterior,HC_vs_AVH+,-0.30138742895291026,-0.9051921418521982,0.2651140385219295,small
sentences_vs_reversed,L_STG_anterior,AVH-_vs_AVH+,-0.6814072034300929,-1.2375918987867804,-0.17836745942812546,medium
sentences_vs_reversed,L_MTG,HC_vs_AVH-,0.3723266321449531,-0.18508170021971898,1.013066647228013,small
sentences_vs_reversed,L_MTG,HC_vs_AVH+,-0.5736514071921166,-1.1909770677469786,-0.06123254972600439,medium
sentences_vs_reversed,L_MTG,AVH-_vs_AVH+,-0.8882515502074201,-1.501269761172839,-0.3435965414685449,large
sentences_vs_reversed,L_IFG_triangularis,HC_vs_AVH-,0.12327180079323292,-0.4541233408778466,0.7130746768345568,negligible
sentences_vs_reversed,L_IFG_triangularis,HC_vs_AVH+,-0.31026174953073615,-0.9181134568823146,0.2555733036511434,small
sentences_vs_reversed,L_IFG_triangularis,AVH-_vs_AVH+,-0.33947961023518725,-0.9193857880220233,0.24408588139381426,small
sentences_vs_reversed,L_IFG_opercularis,HC_vs_AVH-,-0.026833835405339193,-0.6372858919780209,0.5375477441497961,negligible
sentences_vs_reversed,L_IFG_opercularis,HC_vs_AVH+,-0.19010525033542222,-0.7687113602317576,0.3611979643883999,negligible
sentences_vs_reversed,L_IFG_opercularis,AVH-_vs_AVH+,-0.1920525248616239,-0.763788364975621,0.4044388214674666,negligible
sentences_vs_reversed,L_STS,HC_vs_AVH-,0.6168359836217935,0.02431197027990106,1.137463175951942,medium
sentences_vs_reversed,L_STS,HC_vs_AVH+,-0.28160639912611046,-0.8388149621503916,0.28159920693692414,small
sentences_vs_reversed,L_STS,AVH-_vs_AVH+,-0.9174636987180219,-1.4490542556822472,-0.4231149290325681,large
sentences_vs_reversed,R_STG_posterior,HC_vs_AVH-,-0.23350490228417228,-0.8670412834285331,0.3087730365783001,small
sentences_vs_reversed,R_STG_posterior,HC_vs_AVH+,-0.3742113057810119,-1.0700893243760081,0.22827506829676664,small
sentences_vs_reversed,R_STG_posterior,AVH-_vs_AVH+,-0.15092516596112615,-0.7457729477895145,0.4408972583639488,negligible
sentences_vs_reversed,R_STG_anterior,HC_vs_AVH-,-0.010930936604289038,-0.5318719577309858,0.5218004028935243,negligible
sentences_vs_reversed,R_STG_anterior,HC_vs_AVH+,-0.19355332019541346,-0.7504152760645748,0.41129605152018567,negligible
sentences_vs_reversed,R_STG_anterior,AVH-_vs_AVH+,-0.22852397814833958,-0.8040119509735575,0.3648026288897983,small
sentences_vs_reversed,R_MTG,HC_vs_AVH-,0.0946514935505748,-0.4603946098802994,0.6232468583176797,negligible
sentences_vs_reversed,R_MTG,HC_vs_AVH+,-0.39755034099610026,-1.0609478685042109,0.1305550714226355,small
sentences_vs_reversed,R_MTG,AVH-_vs_AVH+,-0.5040045004161956,-1.0927461175901905,0.12293555753092492,medium
sentences_vs_reversed,R_IFG,HC_vs_AVH-,0.19078146022540537,-0.42566243239182877,0.7294424817639015,negligible
sentences_vs_reversed,R_IFG,HC_vs_AVH+,-0.1488265971058158,-0.7661607655355166,0.42586239648195223,negligible
sentences_vs_reversed,R_IFG,AVH-_vs_AVH+,-0.3232176712508346,-0.9006039656285536,0.28390347154785034,small
sentences_vs_reversed,L_Heschl,HC_vs_AVH-,-0.25311323026151283,-0.7768345394190737,0.3019369250991989,small
sentences_vs_reversed,L_Heschl,HC_vs_AVH+,-0.2001743888933855,-0.7232647328765791,0.3688426153634284,small
sentences_vs_reversed,L_Heschl,AVH-_vs_AVH+,0.023200277768725436,-0.5174095145952715,0.6792856090606568,negligible
sentences_vs_reversed,R_Heschl,HC_vs_AVH-,-0.304007447987638,-0.9229676151792823,0.2683324333131933,small
sentences_vs_reversed,R_Heschl,HC_vs_AVH+,-0.2564427937556014,-0.8626365801202994,0.3260098732938084,small
sentences_vs_reversed,R_Heschl,AVH-_vs_AVH+,0.04601741868058753,-0.4718558772328488,0.6257931937253141,negligible
speech_vs_reversed,L_STG_posterior,HC_vs_AVH-,-0.18509764383030305,-0.7059481664655707,0.37909935488951885,negligible
speech_vs_reversed,L_STG_posterior,HC_vs_AVH+,-0.06227250095589985,-0.6052204048406118,0.5414883925472574,negligible
speech_vs_reversed,L_STG_posterior,AVH-_vs_AVH+,0.19535873869360879,-0.3958031863411565,0.7420038038916266,negligible
speech_vs_reversed,L_STG_anterior,HC_vs_AVH-,-0.18804302979955928,-0.7843234285918979,0.3851371180595293,negligible
speech_vs_reversed,L_STG_anterior,HC_vs_AVH+,-0.430220092470262,-1.0465974079052864,0.14234694565336428,small
speech_vs_reversed,L_STG_anterior,AVH-_vs_AVH+,-0.294358965035143,-0.9123139589927993,0.287914410905427,small
speech_vs_reversed,L_MTG,HC_vs_AVH-,0.0739445749658593,-0.5656711673726855,0.6540621657598988,negligible
speech_vs_reversed,L_MTG,HC_vs_AVH+,-0.30271419819661444,-0.84224636313434,0.3223752731577105,small
speech_vs_reversed,L_MTG,AVH-_vs_AVH+,-0.3673281129160298,-0.92832063507187,0.2751761534180187,small
speech_vs_reversed,L_IFG_triangularis,HC_vs_AVH-,-0.15963088443307272,-0.7477534577331252,0.4432350993378413,negligible
speech_vs_reversed,L_IFG_triangularis,HC_vs_AVH+,-0.09909330334031372,-0.708406635049314,0.4886372017757623,negligible
speech_vs_reversed,L_IFG_triangularis,AVH-_vs_AVH+,0.043296452437242755,-0.5258512553241325,0.5976506861529339,negligible
speech_vs_reversed,L_IFG_opercularis,HC_vs_AVH-,-0.40122084970988914,-0.9904583361703838,0.1750209191075623,small
speech_vs_reversed,L_IFG_opercularis,HC_vs_AVH+,0.019264095237021776,-0.585208871695542,0.6660127105019678,negligible
speech_vs_reversed,L_IFG_opercularis,AVH-_vs_AVH+,0.3831990155591907,-0.22213054280941777,0.9911838152047321,small
speech_vs_reversed,L_STS,HC_vs_AVH-,0.2998556704092485,-0.23629822155189267,0.8991646813838986,small
speech_vs_reversed,L_STS,HC_vs_AVH+,-0.011605713717571887,-0.5632439863416265,0.6055885424913812,negligible
speech_vs_reversed,L_STS,AVH-_vs_AVH+,-0.29714974853058673,-0.8516177094128414,0.2601080346972534,small
speech_vs_reversed,R_STG_posterior,HC_vs_AVH-,-0.44845814586449895,-1.1420335607920504,0.11712491173299262,small
speech_vs_reversed,R_STG_posterior,HC_vs_AVH+,-0.26064165272227174,-0.9003799769768139,0.3103940003159803,small
speech_vs_reversed,R_STG_posterior,AVH-_vs_AVH+,0.09725582008691865,-0.45058560391831376,0.6728009553689702,negligible
speech_vs_reversed,R_STG_anterior,HC_vs_AVH-,-0.4768133830227839,-1.0270752985907492,0.12197323597217218,small
speech_vs_reversed,R_STG_anterior,HC_vs_AVH+,-0.22876724196236006,-0.8182747093585314,0.31311656451470604,small
speech_vs_reversed,R_STG_anterior,AVH-_vs_AVH+,0.2573999216848272,-0.2838523570411391,0.8716603559332702,small
speech_vs_reversed,R_MTG,HC_vs_AVH-,-0.08845061059898024,-0.6662340608998516,0.5040264019183153,negligible
speech_vs_reversed,R_MTG,HC_vs_AVH+,-0.14019896938018997,-0.729372163488631,0.44431644403746073,negligible
speech_vs_reversed,R_MTG,AVH-_vs_AVH+,-0.06124434867505295,-0.6593919450177116,0.510344956603253,negligible
speech_vs_reversed,R_IFG,HC_vs_AVH-,0.14693315214911581,-0.46385336839134267,0.7828884603561166,negligible
speech_vs_reversed,R_IFG,HC_vs_AVH+,0.30801387546302317,-0.21140206678964046,0.934420480650532,small
speech_vs_reversed,R_IFG,AVH-_vs_AVH+,0.1610001838079592,-0.3709587220646423,0.744654299041941,negligible
speech_vs_reversed,L_Heschl,HC_vs_AVH-,-0.5382606392286606,-1.024981496352397,-0.0011621905089137885,medium
speech_vs_reversed,L_Heschl,HC_vs_AVH+,-0.28078745058812066,-0.7581487481003473,0.27171299279949995,small
speech_vs_reversed,L_Heschl,AVH-_vs_AVH+,0.2617354017758234,-0.3553063398909941,0.9995327829221551,small
speech_vs_reversed,R_Heschl,HC_vs_AVH-,-0.4936019056747846,-1.0192471202288664,0.03731639257629571,small
speech_vs_reversed,R_Heschl,HC_vs_AVH+,-0.1856972113100998,-0.7229869748563593,0.4543796689505366,negligible
speech_vs_reversed,R_Heschl,AVH-_vs_AVH+,0.30962182778493763,-0.2555760295273585,0.9941071414492135,small
words_vs_sentences,L_STG_posterior,HC_vs_AVH-,-0.28652740602603943,-0.8757745566977987,0.24369988214904245,small
words_vs_sentences,L_STG_posterior,HC_vs_AVH+,-0.024841743712251754,-0.5447703335044359,0.631664748444295,negligible
words_vs_sentences,L_STG_posterior,AVH-_vs_AVH+,0.3469024286642408,-0.23737969520123997,0.9882142792672808,small
words_vs_sentences,L_STG_anterior,HC_vs_AVH-,-0.6202648734384762,-1.1771074519861184,-0.0969911800901839,medium
words_vs_sentences,L_STG_anterior,HC_vs_AVH+,-0.37716075778447083,-0.9318184659030919,0.134335287060354,small
words_vs_sentences,L_STG_anterior,AVH-_vs_AVH+,0.24669210313518802,-0.27280056682265885,0.9420001414141997,small
words_vs_sentences,L_MTG,HC_vs_AVH-,-0.29004191821043795,-0.8184612014235548,0.25430229625231726,small
words_vs_sentences,L_MTG,HC_vs_AVH+,0.4634113968333361,-0.105362309841248,1.0598919828927458,small
words_vs_sentences,L_MTG,AVH-_vs_AVH+,0.829138166270926,0.313948640074706,1.4230231139906666,large
words_vs_sentences,L_IFG_triangularis,HC_vs_AVH-,0.07715541982935628,-0.5484864458030718,0.5494948634373013,negligible
words_vs_sentences,L_IFG_triangularis,HC_vs_AVH+,-0.08806441367409636,-0.7143877329616592,0.458546467971138,negligible
words_vs_sentences,L_IFG_triangularis,AVH-_vs_AVH+,-0.12639921270421076,-0.5859034542188591,0.5914620878268103,negligible
words_vs_sentences,L_IFG_opercularis,HC_vs_AVH-,-0.5664244727171813,-1.147112756150075,0.018732376953132734,medium
words_vs_sentences,L_IFG_opercularis,HC_vs_AVH+,-0.28158551238289226,-0.7819379862483798,0.3317591102017051,small
words_vs_sentences,L_IFG_opercularis,AVH-_vs_AVH+,0.15393873197397182,-0.38845087068019524,1.0167043932335724,negligible
words_vs_sentences,L_STS,HC_vs_AVH-,-0.49108863549323295,-1.0765574347276228,0.02815775112230689,small
words_vs_sentences,L_STS,HC_vs_AVH+,0.1838819040219681,-0.3822775177247911,0.750385341191001,negligible
words_vs_sentences,L_STS,AVH-_vs_AVH+,0.8577899165199337,0.36368810881839825,1.3922267340611683,large
words_vs_sentences,R_STG_posterior,HC_vs_AVH-,-0.11697548577500595,-0.6573059413276718,0.48647040334128705,negligible
words_vs_sentences,R_STG_posterior,HC_vs_AVH+,-0.09399105124301761,-0.6100465795627175,0.4999060585984876,negligible
words_vs_sentences,R_STG_posterior,AVH-_vs_AVH+,0.01842972516659401,-0.5932580871761984,0.644783641629833,negligible
words_vs_sentences,R_STG_anterior,HC_vs_AVH-,-0.5640098672125142,-1.1652940142681425,-0.012422338106843676,medium
words_vs_sentences,R_STG_anterior,HC_vs_AVH+,-0.199219099749027,-0.7764727860599484,0.38252002945309815,negligible
words_vs_sentences,R_STG_anterior,AVH-_vs_AVH+,0.40102235628906346,-0.17829925041324562,1.0399799708119166,small
words_vs_sentences,R_MTG,HC_vs_AVH-,-0.24733677972221124,-0.8038117201296116,0.3448010982323793,small
words_vs_sentences,R_MTG,HC_vs_AVH+,0.21689143597924931,-0.3847193277610228,0.7936060079936552,small
words_vs_sentences,R_MTG,AVH-_vs_AVH+,0.48172903766050396,-0.08634629443968034,1.0371697498143644,small
words_vs_sentences,R_IFG,HC_vs_AVH-,-0.186231849167461,-0.7578275480076822,0.4055193371510816,negligible
words_vs_sentences,R_IFG,HC_vs_AVH+,0.22140711985095154,-0.3234399646186428,0.8450213954607829,small
words_vs_sentences,R_IFG,AVH-_vs_AVH+,0.441092074695966,-0.11558328292515119,1.0170364742996927,small
words_vs_sentences,L_Heschl,HC_vs_AVH-,-0.10225395178984398,-0.6905921374682594,0.4614199209918414,negligible
words_vs_sentences,L_Heschl,HC_vs_AVH+,-0.3565975745653063,-0.9536365023181248,0.20783862163210054,small
words_vs_sentences,L_Heschl,AVH-_vs_AVH+,-0.24248918812317585,-0.8526754508232689,0.29552383412858696,small
words_vs_sentences,R_Heschl,HC_vs_AVH-,0.0883895255664333,-0.5037620572896466,0.7116148775103646,negligible
words_vs_sentences,R_Heschl,HC_vs_AVH+,0.07707694380696566,-0.4783787279281435,0.7506617308879137,negligible
words_vs_sentences,R_Heschl,AVH-_vs_AVH+,-0.01461582110810923,-0.628169099439589,0.5193409938635365,negligible
